Time,CwndBytes
1.18922,15928
1.20124,17376
1.21326,18824
1.22527,20272
1.23729,21720
1.28671,23168
1.29873,24616
1.31074,26064
1.32276,27512
1.33478,28960
1.34679,30408
1.35881,31856
1.3842,33304
1.39622,34752
1.40823,36200
1.42025,37648
1.43227,39096
1.45634,37648
1.53444,36924
1.54045,36200
1.54646,35476
1.55246,34752
1.55847,34028
1.56448,33304
1.57049,32580
1.5765,31856
1.5825,31132
1.58851,30408
1.59452,29684
1.60053,28960
1.60654,28236
1.61251,18100
1.61251,18215
1.62452,18330
1.63654,18444
1.64855,18557
1.66057,18669
1.67259,18781
1.6846,18892
1.69662,19002
1.70863,19112
1.72065,19221
1.76407,19330
1.77608,19438
1.7881,19545
1.80011,19652
1.81213,19758
1.82415,19864
1.86156,19969
1.87357,20073
1.90365,17376
1.97114,16652
1.97714,15928
1.9892,13756
1.99521,13032
2.00122,12308
2.00718,11584
2.01319,10860
2.0192,10136
2.02521,9412
2.03122,7964
2.0927,8227
2.11669,8481
2.17216,8728
2.21418,8968
2.26965,9201
2.28167,9428
2.31768,9650
2.37315,9867
2.38516,10079
2.42117,10287
2.47664,10490
2.48866,10689
2.52467,10885
2.57413,11077
2.58615,11266
2.62216,11452
2.67162,11635
2.68364,11815
2.71965,11992
2.76911,12166
2.78113,12338
2.79314,12507
2.82314,12674
2.87261,12839
2.88462,13002
2.89664,13163
2.92664,13322
2.9761,13479
2.98812,13634
3.00014,13787
3.02413,13939
3.07359,14089
3.08561,14237
3.09762,14384
3.12162,14529
3.17108,14673
3.1831,14815
3.19511,14956
3.21911,15096
3.23112,15234
3.27458,15371
3.28659,15507
3.29861,15642
3.3226,15776
3.33462,15908
3.37807,16039
3.39009,16169
3.40211,16298
3.4261,16426
3.43812,16553
3.48157,16679
3.49359,16804
3.5056,16928
3.52359,17051
3.5356,17173
3.57906,17295
3.59108,17416
3.60309,17536
3.62108,17655
3.63309,17773
3.67655,17890
3.68856,18007
3.70058,18123
3.7126,18238
3.72461,18352
3.73663,18466
3.78005,18579
3.79206,18691
3.80408,18803
3.81609,18914
3.82811,19024
3.84013,19134
3.88354,19243
3.89556,19351
3.90757,19459
3.91959,19566
3.93161,19673
3.94362,19779
3.98103,19885
3.99305,19990
4.00506,20094
4.01708,20198
4.0291,20301
4.04111,20404
4.07852,20506
4.09054,20608
4.10255,20709
4.11457,20810
4.12658,20910
4.1386,21010
4.15062,21109
4.18202,21208
4.19403,21306
4.20605,21404
4.21806,21501
4.23008,21598
4.2421,21695
4.25411,21791
4.28551,21887
4.29753,21982
4.30955,22077
4.32156,22171
4.33358,22265
4.34559,22359
4.35761,22452
4.383,22545
4.39502,22638
4.40703,22730
4.41905,22822
4.43107,22913
4.44308,23004
4.4551,23095
4.48049,23185
4.49251,23275
4.50452,23365
4.51654,23454
4.52856,23543
4.54057,23632
4.55259,23720
4.57798,23808
4.59,23896
4.60201,23983
4.61403,24070
4.62604,24157
4.63806,24243
4.67555,21720
4.68756,20272
4.7176,19548
4.72361,18824
4.72962,18100
4.73563,17376
4.74163,16652
4.74768,15928
4.75369,15204
4.77307,14480
4.77908,13756
4.7911,13032
4.7971,12308
4.80311,10136
5.77307,1448
6.16805,2896
6.27155,4344
6.37504,5792
6.37504,6154
6.47253,6494
6.48455,6816
6.57603,7123
6.58805,7417
6.67953,7699
6.69154,7971
6.77702,8234
6.78903,8488
6.8745,8735
6.88652,8975
6.97199,9208
6.98401,9435
6.99602,9657
7.07549,9874
7.08751,10086
7.09952,10293
7.17899,10496
7.20306,8688
7.28252,7964
7.28857,7240
7.29458,6516
7.30055,3620
7.30055,4199
7.374,4698
7.47149,5144
7.56898,5551
7.66647,5928
7.76396,6281
7.77597,6614
7.86745,6931
7.87947,7233
7.97095,7522
7.98297,7800
8.07445,8068
8.08646,8327
8.17194,8578
8.18395,8822
8.26943,9059
8.28144,9290
8.29346,9515
8.37292,9735
8.38494,9950
8.39695,10160
8.47642,10366
8.48844,10568
8.50045,10766
8.57391,10960
8.58592,11151
8.59794,11339
8.6714,11523
8.68341,11704
8.69543,11883
8.76889,12059
8.7809,12232
8.79292,12403
8.80493,12572
8.87238,12738
8.8844,12902
8.89641,13064
8.90843,13224
8.97588,13382
8.9879,13538
8.99991,13692
9.01193,13845
9.07337,13996
9.08538,14145
9.0974,14293
9.10942,14439
9.17086,14584
9.18287,14727
9.19489,14869
9.2069,15010
9.26835,15149
9.28036,15287
9.29238,15424
9.30439,15559
9.31641,15693
9.37184,15826
9.40192,13032
9.46937,12308
9.47538,11584
9.48743,10860
9.49949,10136
9.50546,9412
9.51146,8688
9.51747,5792
9.62097,6154
9.6945,6494
9.71846,6816
9.798,7123
9.82195,7417
9.9015,7699
9.92545,7971
9.99898,8234
10.0229,8488
10.0965,8735
10.1204,8975
10.194,9208
10.206,9435
10.2239,9657
10.2975,9874
10.3095,10086
10.3274,10293
10.401,10496
10.413,10695
10.4309,10891
10.4984,11083
10.5105,11272
10.5284,11458
10.5959,11640
10.6079,11820
10.6259,11997
10.6934,12171
10.7054,12343
10.7175,12512
10.7295,12679
10.7969,12844
10.8089,13007
10.821,13168
10.833,13327
10.9004,13484
10.9124,13639
10.9244,13792
10.9365,13944
10.9979,14094
11.0099,14242
11.0219,14389
11.034,14534
11.0954,14678
11.1074,14820
11.1194,14961
11.1314,15101
11.1435,15239
11.1989,15376
11.2109,15512
11.2229,15647
11.2349,15781
11.247,15913
11.3024,16044
11.3144,16174
11.3264,16303
11.3384,16431
11.3505,16558
11.4059,16684
11.4179,16809
11.4299,16933
11.4419,17056
11.4539,17178
11.5034,17300
11.5154,17421
11.5274,17541
11.5394,17660
11.5514,17778
11.6009,17895
11.6129,18012
11.6249,18128
11.6369,18243
11.6489,18357
11.6609,18471
11.7044,18584
11.7164,18696
11.7284,18808
11.7404,18919
11.7524,19029
11.7644,19139
11.8079,19248
11.8199,19356
11.8319,19464
11.8439,19571
11.8559,19678
11.8679,19784
11.9053,19889
11.9174,19994
11.9294,20098
11.9414,20202
11.9534,20305
11.9654,20408
12.0028,20510
12.0148,20612
12.0269,20713
12.0389,20814
12.0509,20914
12.0629,21014
12.0749,21113
12.1063,21212
12.1183,21310
12.1304,21408
12.1424,21505
12.1544,21602
12.1664,21699
12.1784,21795
12.2098,21891
12.2218,21986
12.2339,22081
12.2459,22175
12.2579,22269
12.2699,22363
12.2819,22456
12.3073,22549
12.3193,22641
12.3313,22733
12.3434,22825
12.3554,22916
12.3674,23007
12.3794,23098
12.4048,23188
12.4168,23278
12.4288,23368
12.4409,23457
12.4529,23546
12.4649,23635
12.4769,23723
12.5023,23811
12.5143,23899
12.5444,21720
12.5864,20996
12.5998,20272
12.6058,19548
12.6118,18824
12.6178,18100
12.6299,17376
12.6359,16652
12.6419,15928
12.6479,10136
12.6479,10342
12.6599,10544
12.6719,10742
12.6839,10937
12.7093,11128
12.7394,11316
12.7814,11501
12.8068,11683
12.8369,11862
12.8789,12038
12.9043,12212
12.9163,12383
12.9404,12552
12.9824,12719
13.0078,12883
13.0198,13045
13.0439,13205
13.0859,13363
13.1113,13519
13.1233,13674
13.1414,13827
13.1834,13978
13.2088,14128
13.2208,14276
13.2869,11584
13.3243,10860
13.3424,10136
13.3484,9412
13.3784,8688
13.3844,5068
13.3844,5481
13.4098,5863
13.4399,6220
13.5073,6557
13.5434,6876
13.6108,7180
13.6469,7472
13.7143,7752
13.7504,8022
13.8118,8283
13.8479,8536
13.9093,8781
13.9454,9019
14.0068,9251
14.0188,9477
14.0489,9698
14.1103,9914
14.1223,10125
14.1524,10332
14.2138,10534
14.2258,10733
14.2559,10928
14.3112,11119
14.3233,11307
14.3534,11492
14.4087,11674
14.4207,11853
14.4509,12029
14.5062,12203
14.5182,12374
14.5302,12543
14.5544,12710
14.6097,12874
14.6217,13036
14.6337,13196
14.6579,13354
14.7132,13511
14.7252,13666
14.7372,13819
14.7553,13970
14.8107,14120
14.8227,14268
14.8347,14414
14.8528,14559
14.9082,14703
14.9202,14845
14.9322,14986
14.9503,15125
14.9623,15263
15.0117,15400
15.0237,15536
15.0357,15670
15.0538,15803
15.0658,15935
15.1152,16066
15.1272,16196
15.1392,16325
15.1573,16453
15.1693,16580
15.2127,16706
15.2247,16831
15.2367,16955
15.2548,17078
15.2668,17200
15.3102,17321
15.3222,17442
15.3342,17562
15.3523,17681
15.3643,17799
15.4076,17916
15.4197,18033
15.4317,18149
15.4437,18264
15.4558,18378
15.4678,18492
15.5111,18605
15.5232,18717
15.5352,18829
15.5472,18940
15.5593,19050
15.5713,19160
15.6146,19269
15.6267,19377
15.6387,19485
15.6507,19592
15.6627,19699
15.6747,19805
15.7121,19910
15.7241,20015
15.7362,20119
15.7482,20223
15.7602,20326
15.7722,20429
15.8096,20531
15.8216,20633
15.8517,18824
15.9071,18100
15.9132,17376
15.9192,16652
15.9252,15928
15.9372,15204
15.9432,14480
15.9492,13756
15.9552,8688
15.9552,8929
15.9672,9163
15.9792,9391
16.0106,9614
16.0407,9832
16.0827,10045
16.1141,10253
16.1442,10457
16.1862,10657
16.2176,10853
16.2417,11046
16.2837,11235
16.3151,11421
16.3392,11604
16.3812,11784
16.4126,11961
16.4367,12136
16.4487,12308
16.4847,12478
16.5161,12646
16.5402,12811
16.5522,12974
16.5882,13135
16.6196,13294
16.6437,13451
16.6557,13606
16.6917,13760
16.7171,13912
16.7412,14062
16.7532,14211
16.7892,14358
16.8146,14504
16.8387,14648
16.8507,14791
16.8867,14932
16.9121,15072
16.9241,15211
16.9422,15348
16.9542,15484
16.9902,15619
17.0156,15753
17.0276,15886
17.0457,16017
17.0577,16147
17.0937,16276
17.1191,16404
17.1311,16531
17.1491,16657
17.1612,16782
17.1912,16906
17.2166,17030
17.2286,17153
17.2466,17275
17.2587,17396
17.2887,17516
17.314,17635
17.3261,17753
17.3441,17871
17.3561,17988
17.3682,18104
17.3922,18219
17.4175,18334
17.4296,18448
17.4476,18561
17.4596,18673
17.4717,18785
17.4956,18896
17.521,19006
17.5331,19116
17.5511,19225
17.5631,19334
17.5992,17376
17.6486,16652
17.6547,15928
17.6607,15204
17.6667,14480
17.6727,13756
17.6907,13032
17.6967,7964
17.6967,8227
17.7161,8481
17.7281,8728
17.7521,8968
17.7882,9201
17.8316,9428
17.8556,9650
17.8917,9867
17.9351,10079
17.9591,10287
17.9952,10490
18.0386,10689
18.0626,10885
18.0927,11077
18.1361,11266
18.1601,11452
18.1902,11635
18.2335,11815
18.2576,11992
18.2877,12166
18.2997,12338
18.337,12507
18.3611,12674
18.3911,12839
18.4032,13002
18.4405,13163
18.4646,13322
18.4946,13479
18.5067,13634
18.544,13787
18.5621,13939
18.5921,14089
18.6041,14237
18.6415,14384
18.6596,14529
18.6896,14673
18.7016,14815
18.739,14956
18.7571,15096
18.7691,15234
18.7931,15371
18.8051,15507
18.8425,15642
18.8606,15776
18.8726,15908
18.8966,16039
18.9086,16169
18.946,16298
18.9641,16426
18.9761,16553
19.0001,16679
19.0121,16804
19.0435,16928
19.0616,17051
19.0736,17173
19.0976,17295
19.1096,17416
19.141,17536
19.159,17655
19.1711,17773
19.1951,17890
19.2071,18007
19.2191,18123
19.2445,18238
19.2625,18352
19.2746,18466
19.2986,18579
19.3106,18691
19.3226,18803
19.348,18914
19.366,19024
19.3781,19134
19.4021,19243
19.4141,19351
19.4261,19459
19.4515,19566
19.4635,19673
19.4755,19779
19.4996,19885
19.5116,19990
19.5236,20094
19.549,20198
19.561,20301
19.573,20404
19.5971,20506
19.6091,20608
19.6211,20709
19.6464,20810
19.6585,20910
19.6705,21010
19.6825,21109
19.7006,21208
19.7126,21306
19.7246,21404
19.7499,21501
19.762,21598
19.774,21695
19.786,21791
19.8041,21887
19.8161,21982
19.8281,22077
19.8534,22171
19.8655,22265
19.8896,20272
19.951,18100
19.957,17376
19.9631,16652
19.9691,15928
19.9751,15204
19.9811,14480
19.9871,13756
19.9931,13032
19.9991,12308
20.0051,11584
20.0111,10860
20.0232,9412
20.0545,9634
20.0786,9851
20.1026,10063
20.152,10271
20.1821,10475
20.2061,10675
20.2555,10871
20.2796,11063
20.3036,11252
20.353,11438
20.3771,11621
20.4011,11801
20.4505,11978
20.4746,12153
20.4866,12325
20.5046,12495
20.554,12662
20.5781,12827
20.5901,12990
20.6081,13151
20.6575,13310
20.6816,13467
20.6936,13622
20.7116,13775
20.7549,13927
20.7791,14077
20.7911,14225
20.8091,14372
20.8524,14517
20.8765,14661
20.8886,14804
20.9065,14945
20.9499,15085
20.9619,15223
20.98,15360
20.9921,15496
21.01,15631
21.0534,15765
21.0654,15897
21.0835,16028
21.0956,16158
21.1135,16287
21.1569,16415
21.1689,16542
21.187,16668
21.1991,16793
21.2111,16917
21.2544,17040
21.2664,17163
21.2845,17285
21.2965,17406
21.3579,15928
21.3941,15204
21.4001,14480
21.4061,13756
21.4121,13032
21.4181,12308
21.4495,11584
21.4554,7240
21.4554,7529
21.4674,7807
21.4855,8075
21.5096,8334
21.583,8585
21.6071,8829
21.6805,9066
21.7046,9297
21.7166,9522
21.784,9742
21.8081,9957
21.8201,10167
21.8875,10373
21.9116,10575
21.9236,10773
21.985,10967
22.0091,11158
22.0211,11345
22.0825,11529
22.1066,11710
22.1186,11889
22.18,12065
22.2041,12238
22.2161,12409
22.2281,12577
22.3136,10136
22.3316,9412
22.3991,8688
22.4051,7964
22.4111,7240
22.4171,4344
22.4171,4826
22.4291,5260
22.5086,5658
22.6061,6028
22.7036,6375
22.7156,6703
22.8071,7015
22.8191,7313
22.9226,6275
22.9287,6758
23.0082,6275
23.0142,5792
23.0201,2896
23.0201,3620
23.1056,4199
23.2031,4698
23.3066,5144
23.4041,5551
23.5016,5928
23.5991,6281
23.6111,6614
23.7026,6931
23.7146,7233
23.8061,7522
23.8181,7800
23.9096,8068
23.9216,8327
24.0071,8578
24.0191,8822
24.1046,9059
24.1166,9290
24.1286,9515
24.2081,9735
24.3056,7240
24.3236,6516
24.3297,5792
24.3357,5068
24.4031,2896
24.4031,3620
24.4271,4199
24.5306,4698
24.6341,5144
24.7316,5551
24.8291,5928
24.9266,6281
24.9386,6614
25.0301,6931
25.0421,7233
25.1336,7522
25.1456,7800
25.2371,8068
25.2491,8327
25.3346,8578
25.3466,8822
25.4321,9059
25.4441,9290
25.4561,9515
25.5356,9735
25.5476,9950
25.5596,10160
25.6391,10366
25.6511,10568
25.6631,10766
25.7366,10960
25.7486,11151
25.7606,11339
25.834,11523
25.8461,11704
25.8581,11883
25.9315,12059
25.9435,12232
25.9556,12403
25.9676,12572
26.035,12738
26.047,12902
26.0591,13064
26.0711,13224
26.1385,13382
26.1505,13538
26.1626,13692
26.1746,13845
26.236,13996
26.248,14145
26.26,14293
26.2721,14439
26.3335,14584
26.3455,14727
26.3575,14869
26.3696,15010
26.431,15149
26.443,15287
26.455,15424
26.467,15559
26.4791,15693
26.5345,15826
26.5465,15958
26.5585,16089
26.5705,16219
26.5826,16348
26.638,16476
26.65,16603
26.662,16729
26.674,16854
26.6861,16978
26.7355,17101
26.7475,17223
26.7595,17344
26.7715,17464
26.7835,17584
26.833,17703
26.845,17821
26.857,17938
26.869,18054
26.881,18170
26.893,18285
26.9365,18399
26.9485,18512
26.9605,18625
26.9725,18737
26.9845,18848
26.9965,18959
27.04,19069
27.052,19178
27.064,19287
27.076,19395
27.088,19503
27.1,19610
27.1374,19716
27.1495,19822
27.1615,19927
27.1735,20032
27.1855,20136
27.1975,20240
27.2349,20343
27.247,20446
27.259,20548
27.271,20650
27.283,20751
27.295,20852
27.3324,20952
27.3444,21052
27.3565,21151
27.3685,21250
27.3805,21348
27.3925,21446
27.4045,21543
27.4359,21640
27.4479,21736
27.46,21832
27.472,21928
27.484,22023
27.496,22118
27.508,22212
27.5394,22306
27.5514,22399
27.5755,20272
27.6176,19548
27.6369,18824
27.643,18100
27.649,17376
27.655,16652
27.661,15928
27.667,15204
27.673,9412
27.673,9634
27.685,9851
27.697,10063
27.709,10271
27.7465,10475
27.7945,10675
27.8125,10871
27.8439,11063
27.892,11252
27.91,11438
27.9414,11621
27.9895,11801
28.0075,11978
28.0389,12153
28.0509,12325
28.093,12495
28.111,12662
28.1424,12827
28.1544,12990
28.1965,13151
28.2145,13310
28.2459,13467
28.2579,13622
28.3,13775
28.312,13927
28.3434,14077
28.3554,14225
28.3975,14372
28.4095,14517
28.4409,14661
28.4529,14804
28.495,14945
28.507,15085
28.519,15223
28.5444,15360
28.5564,15496
28.5985,15631
28.6105,15765
28.6225,15897
28.6479,16028
28.6599,16158
28.702,16287
28.714,16415
28.726,16542
28.7514,16668
28.7634,16793
28.7994,16917
28.8115,17040
28.8489,14480
28.903,13756
28.909,13032
28.915,12308
28.921,11584
28.927,10860
28.9464,6516
28.9464,6837
28.9584,7143
28.9945,7436
29.0185,7717
29.098,7988
29.116,8250
29.1954,8504
29.2135,8750
29.2929,8989
29.311,9222
29.323,9449
29.3964,9670
29.4145,9886
29.4265,10098
29.4999,10305
29.518,10508
29.53,10707
29.6034,10902
29.6155,11094
29.701,8688
29.719,7964
29.7251,7240
29.7311,6516
29.7984,3620
29.7984,4199
29.8105,4698
29.908,5144
30.0055,5551
30.103,5928
30.2004,6281
30.2125,6614
30.3039,6931
30.316,7233
30.4074,7522
30.4195,7800
30.5109,8068
30.523,8327
30.6084,8578
30.6204,8822
30.7059,9059
30.7179,9290
30.7299,9515
30.8094,9735
30.8214,9950
30.8334,10160
30.9129,10366
30.9249,10568
30.9369,10766
31.0104,10960
31.0224,11151
31.0344,11339
31.1079,11523
31.1199,11704
31.1319,11883
31.2054,12059
31.2174,12232
31.2294,12403
31.2414,12572
31.3089,12738
31.3209,12902
31.3329,13064
31.3449,13224
31.4124,13382
31.4244,13538
31.4364,13692
31.4484,13845
31.5099,13996
31.5219,14145
31.5339,14293
31.5459,14439
31.6073,14584
31.6194,14727
31.6314,14869
31.6434,15010
31.7048,15149
31.7169,15287
31.7289,15424
31.7409,15559
31.7529,15693
31.8083,15826
31.8203,15958
31.8324,16089
31.8444,16219
31.8564,16348
31.9118,16476
31.9238,16603
31.9359,16729
31.9479,16854
31.9599,16978
32.0093,17101
32.0213,17223
32.0334,17344
32.0454,17464
32.0574,17584
32.1068,17703
32.1188,17821
32.1308,17938
32.1429,18054
32.1549,18170
32.1669,18285
32.2103,18399
32.2223,18512
32.2343,18625
32.2464,18737
32.2584,18848
32.2704,18959
32.3138,19069
32.3258,19178
32.3378,19287
32.3498,19395
32.3619,19503
32.3739,19610
32.4113,19716
32.4233,19822
32.4353,19927
32.4473,20032
32.4594,20136
32.4714,20240
32.5088,20343
32.5208,20446
32.5328,20548
32.5448,20650
32.5568,20751
32.5689,20852
32.6063,20952
32.6183,21052
32.6303,21151
32.6423,21250
32.6543,21348
32.6663,21446
32.6784,21543
32.7098,21640
32.7218,21736
32.7338,21832
32.7458,21928
32.7578,22023
32.7698,22118
32.7819,22212
32.8133,22306
32.8253,22399
32.8373,22492
32.8493,22585
32.8613,22677
32.8733,22769
32.8854,22861
32.9108,22952
32.9228,23043
32.9528,20272
33.0083,19548
33.0143,18824
33.0203,18100
33.0263,17376
33.0384,16652
33.0444,15928
33.0504,15204
33.0563,9412
33.0563,9634
33.0684,9851
33.0804,10063
33.0924,10271
33.1238,10475
33.1779,10675
33.1959,10871
33.2213,11063
33.2754,11252
33.2934,11438
33.3188,11621
33.3728,11801
33.3909,11978
33.4163,12153
33.4283,12325
33.4763,12495
33.4944,12662
33.5198,12827
33.5318,12990
33.5798,13151
33.5979,13310
33.6233,13467
33.6353,13622
33.6833,13775
33.6953,13927
33.7207,14077
33.7328,14225
33.7808,14372
33.7928,14517
33.8182,14661
33.8302,14804
33.8783,14945
33.8903,15085
33.9023,15223
33.9217,15360
33.9337,15496
33.9818,15631
33.9938,15765
34.0058,15897
34.0252,16028
34.0913,14480
34.1288,13756
34.1348,13032
34.1769,12308
34.1829,11584
34.1889,10860
34.1948,6516
34.1948,6837
34.2069,7143
34.2202,7436
34.2804,7717
34.3237,7988
34.3778,8250
34.4212,8504
34.4753,8750
34.5187,8989
34.5728,9222
34.6703,7240
34.7138,6516
34.7198,5792
34.7258,5068
34.7678,2896
34.7678,3620
34.8173,4199
34.9208,4698
35.0243,5144
35.1217,5551
35.2192,5928
35.3167,6281
35.3287,6614
35.4202,6931
35.4322,7233
35.5237,7522
35.5357,7800
35.6272,8068
35.6392,8327
35.7247,8578
35.7367,8822
35.8403,7240
35.9258,6516
35.9318,5792
35.9378,5068
35.9438,2896
35.9438,3620
36.0293,4199
36.1328,4698
36.2363,5144
36.3337,5551
36.4312,5928
36.5287,6281
36.5407,6614
36.6322,6931
36.6442,7233
36.7357,7522
36.7477,7800
36.8392,8068
36.8512,8327
36.9367,8578
36.9487,8822
37.0342,9059
37.0462,9290
37.0582,9515
37.1377,9735
37.1497,9950
37.1617,10160
37.2412,10366
37.2532,10568
37.2652,10766
37.3387,10960
37.3507,11151
37.3627,11339
37.4362,11523
37.4482,11704
37.4602,11883
37.5336,12059
37.5457,12232
37.5577,12403
37.5697,12572
37.6371,12738
37.6492,12902
37.6612,13064
37.6732,13224
37.7406,13382
37.7527,13538
37.7647,13692
37.7767,13845
37.8381,13996
37.8501,14145
37.8622,14293
37.8742,14439
37.9356,14584
37.9476,14727
37.9597,14869
37.9717,15010
38.0331,15149
38.0451,15287
38.0571,15424
38.0692,15559
38.0812,15693
38.1366,15826
38.1486,15958
38.1606,16089
38.1727,16219
38.1847,16348
38.2401,16476
38.2521,16603
38.2641,16729
38.2762,16854
38.2882,16978
38.3376,17101
38.3496,17223
38.3616,17344
38.3736,17464
38.3857,17584
38.4351,17703
38.4471,17821
38.4591,17938
38.4711,18054
38.4831,18170
38.4952,18285
38.5386,18399
38.5506,18512
38.5626,18625
38.5746,18737
38.5866,18848
38.5987,18959
38.6421,19069
38.6541,19178
38.6661,19287
38.6781,19395
38.7022,17376
38.7636,16652
38.7696,15928
38.7756,15204
38.7817,14480
38.7877,13756
38.7937,13032
38.7997,7964
38.7997,8227
38.8371,8481
38.8491,8728
38.8671,8968
38.8912,9201
38.9526,9428
38.9706,9650
38.9947,9867
39.0561,10079
39.0741,10287
39.0982,10490
39.1596,10689
39.1776,10885
39.1957,11077
39.2571,11266
39.2751,11452
39.2932,11635
39.3546,11815
39.3726,11992
39.3907,12166
39.4027,12338
39.4581,12507
39.4761,12674
39.4942,12839
39.5062,13002
39.5616,13163
39.5796,13322
39.5977,13479
39.6097,13634
39.6651,13787
39.6771,13939
39.6951,14089
39.7072,14237
39.7626,14384
39.7746,14529
39.7926,14673
39.8046,14815
39.86,14956
39.8721,15096
39.8841,15234
39.8961,15371
39.9081,15507
39.9635,15642
39.9937,13032
40.0611,12308
40.0671,11584
40.0791,10860
40.0851,10136
40.0911,9412
40.0971,5792
40.0971,6154
40.1091,6494
40.1646,6816
40.2066,7123
40.2681,7417
40.3101,7699
40.3716,7971
40.4076,8234
40.5051,6275
40.5111,6758
40.5666,6275
40.5726,5792
40.6026,2896
40.6026,3620
40.6641,4199
40.7616,4698
40.8651,5144
40.9626,5551
41.0601,5928
41.1576,6281
41.1696,6614
41.261,6931
41.4561,4344
41.4621,2896
41.5536,3620
41.6511,4199
41.7546,4698
41.8581,5144
41.9556,5551
42.0531,5928
42.1505,6281
42.1626,6614
42.254,6931
42.2661,7233
42.3575,7522
42.3696,7800
42.461,8068
42.473,8327
42.5766,6275
42.6561,6758
42.6621,2896
42.7716,3620
42.8691,4199
42.9726,4698
43.0761,5144
43.1736,5551
43.2711,5928
43.3686,6281
43.3806,6614
43.4721,6931
43.4841,7233
43.5756,7522
43.5876,7800
43.6791,8068
43.6911,8327
43.7766,8578
43.7886,8822
43.8741,9059
43.8861,9290
43.8981,9515
43.9776,9735
43.9896,9950
44.0016,10160
44.081,10366
44.0931,10568
44.1051,10766
44.1785,10960
44.1906,11151
44.2026,11339
44.276,11523
44.288,11704
44.3001,11883
44.3735,12059
44.3855,12232
44.3975,12403
44.4096,12572
44.477,12738
44.489,12902
44.501,13064
44.5131,13224
44.5805,13382
44.5925,13538
44.6045,13692
44.6166,13845
44.678,13996
44.69,14145
44.702,14293
44.714,14439
44.7755,14584
44.7875,14727
44.7995,14869
44.8115,15010
44.873,15149
44.885,15287
44.897,15424
44.909,15559
44.9765,13032
45.0005,12308
45.0065,11584
45.0126,10860
45.0186,10136
45.068,9412
45.074,5792
45.074,6154
45.086,6494
45.104,6816
45.1835,7123
45.2075,7417
45.287,7699
45.311,7971
45.3845,8234
45.4085,8488
45.482,8735
45.506,8975
45.5795,9208
45.5915,9435
45.6095,9657
45.683,9874
45.695,10086
45.713,10293
45.7865,10496
45.7985,10695
45.8165,10891
45.8839,11083
45.896,11272
45.914,11458
45.9935,8688
46.0175,7964
46.079,7240
46.091,6516
46.097,5792
46.109,5068
46.1765,3620
46.274,4199
46.3715,4698
46.475,5144
46.5725,5551
46.67,5928
46.7675,6281
46.7795,6614
46.871,6931
46.883,7233
46.9745,7522
46.9865,7800
47.078,8068
47.09,8327
47.1754,8578
47.1875,8822
47.285,7240
47.297,6516
47.3705,5792
47.3765,5068
47.3825,2896
47.3825,3620
47.468,4199
47.5715,4698
47.675,5144
47.7725,5551
47.87,5928
47.9675,6281
47.9795,6614
48.0709,6931
48.083,7233
48.1744,7522
48.1865,7800
48.2779,8068
48.29,8327
48.3754,8578
48.3874,8822
48.4729,9059
48.4849,9290
48.497,9515
48.5764,9735
48.5884,9950
48.6004,10160
48.6799,10366
48.6919,10568
48.7039,10766
48.7774,10960
48.7894,11151
48.8014,11339
48.8749,11523
48.8869,11704
48.8989,11883
48.9724,12059
48.9844,12232
48.9964,12403
49.0084,12572
49.0759,12738
49.0879,12902
49.0999,13064
49.1119,13224
49.1794,13382
49.1914,13538
49.2034,13692
49.2154,13845
49.2769,13996
49.2889,14145
49.3009,14293
49.3744,11584
49.3984,10860
49.4044,10136
49.4105,9412
49.4165,8688
49.4719,5068
49.4719,5481
49.4839,5863
49.5019,6220
49.5814,6557
49.6054,6876
49.6849,7180
49.7089,7472
49.7884,7752
49.8124,8022
49.8859,8283
49.9099,8536
49.9834,8781
50.0074,9019
50.0808,9251
50.0929,9477
50.1109,9698
50.1843,9914
50.1964,10125
50.2144,10332
50.2878,10534
50.2999,10733
50.3179,10928
50.3853,11119
50.3973,11307
50.4154,11492
50.4828,11674
50.4948,11853
50.5129,12029
50.5803,12203
50.5923,12374
50.6043,12543
50.6164,12710
50.6838,12874
50.6958,13036
50.7078,13196
50.7198,13354
50.7873,13511
50.7993,13666
50.8113,13819
50.8233,13970
50.8848,14120
50.8968,14268
50.9088,14414
50.9208,14559
50.9823,14703
50.9943,14845
51.0063,14986
51.0183,15125
51.0303,15263
51.0858,15400
51.0978,15536
51.1098,15670
51.1218,15803
51.1338,15935
51.1893,16066
51.2013,16196
51.2133,16325
51.2253,16453
51.2373,16580
51.2868,16706
51.2988,16831
51.3108,16955
51.3228,17078
51.3348,17200
51.3842,17321
51.3963,17442
51.4083,17562
51.4203,17681
51.4323,17799
51.4817,17916
51.5058,15928
51.5358,15204
51.5419,14480
51.5793,13756
51.5853,13032
51.5913,12308
51.5973,11584
51.6033,7240
51.6033,7529
51.6153,7807
51.6273,8075
51.6828,8334
51.7248,8585
51.7802,8829
51.8223,9066
51.8777,9297
51.8898,9522
51.9258,9742
51.9812,9957
51.9932,10167
52.0293,10373
52.0847,10575
52.0967,10773
52.1268,10967
52.1822,11158
52.1942,11345
52.2243,11529
52.2797,11710
52.2917,11889
52.3218,12065
52.3772,12238
52.3892,12409
52.4012,12577
52.4253,12743
52.4807,12907
52.4927,13069
52.5047,13229
52.5288,13387
52.5842,13543
52.5962,13697
52.6082,13850
52.6262,14001
52.6817,14150
52.6937,14298
52.7057,14444
52.7237,14589
52.7792,14732
52.7912,14874
52.8032,15014
52.8212,15153
52.8332,15291
52.8827,15428
52.8947,15563
52.9067,15697
52.9368,13032
52.9982,12308
53.0042,11584
53.0102,10860
53.0223,10136
53.0283,9412
53.0343,5792
53.0343,6154
53.0837,6494
53.1017,6816
53.1812,7123
53.2052,7417
53.2847,7699
53.3087,7971
53.3822,8234
53.4062,8488
53.4797,8735
53.5037,8975
53.5771,9208
53.5892,9435
53.6072,9657
53.6806,9874
53.6927,10086
53.7107,10293
53.7841,10496
53.7962,10695
53.8142,10891
53.8816,11083
53.8936,11272
53.9117,11458
53.9791,11640
53.9911,11820
54.0092,11997
54.0766,12171
54.0886,12343
54.1006,12512
54.1126,12679
54.1801,12844
54.1921,13007
54.2041,13168
54.2161,13327
54.2836,13484
54.2956,13639
54.3076,13792
54.3196,13944
54.3811,14094
54.3931,14242
54.4051,14389
54.4171,14534
54.4786,14678
54.4906,14820
54.5026,14961
54.5146,15101
54.5266,15239
54.5821,15376
54.5941,15512
54.6061,15647
54.6181,15781
54.6301,15913
54.6856,16044
54.6976,16174
54.7096,16303
54.7216,16431
54.7336,16558
54.7891,16684
54.8011,16809
54.8131,16933
54.8251,17056
54.8371,17178
54.8866,17300
54.8986,17421
54.9106,17541
54.9226,17660
54.9346,17778
54.984,17895
54.9961,18012
55.0081,18128
55.0201,18243
55.0321,18357
55.0441,18471
55.0875,18584
55.0996,18696
55.1116,18808
55.1236,18919
55.1356,19029
55.1476,19139
55.191,19248
55.203,19356
55.2151,19464
55.2271,19571
55.2391,19678
55.2511,19784
55.2885,19889
55.3005,19994
55.3126,20098
55.3246,20202
55.3366,20305
55.3486,20408
55.386,20510
55.398,20612
55.41,20713
55.4221,20814
55.4341,20914
55.4461,21014
55.4581,21113
55.4895,21212
55.5015,21310
55.5135,21408
55.5256,21505
55.5556,18824
55.6111,18100
55.6171,17376
55.6231,16652
55.6412,15928
55.6472,15204
55.6532,13032
55.6592,12308
55.6652,11584
55.6846,10860
55.6906,8688
55.7507,8929
55.7941,9163
55.8121,9391
55.8482,9614
55.8976,9832
55.9156,10045
55.9517,10253
56.0011,10457
56.0191,10657
56.0552,10853
56.0985,11046
56.1166,11235
56.1527,11421
56.196,11604
56.2141,11784
56.2501,11961
56.2935,12136
56.3055,12308
56.3176,12478
56.3536,12646
56.397,12811
56.409,12974
56.4211,13135
56.4571,13294
56.5005,13451
56.5125,13606
56.5246,13760
56.5546,13912
56.598,14062
56.61,14211
56.622,14358
56.6521,14504
56.6955,14648
56.7075,14791
56.7195,14932
56.7496,15072
56.799,13032
56.8472,12308
56.8532,11584
56.8592,9412
56.8906,8688
56.8966,7964
56.9026,5792
56.9881,6154
57.0121,6494
57.0856,6816
57.1156,7123
57.1891,7417
57.2191,7699
57.2926,7971
57.3166,8234
57.3901,8488
57.414,8735
57.4875,8975
57.5115,9208
57.5235,9435
57.591,9657
57.6886,7240
57.7186,6516
57.7246,5792
57.7306,5068
57.7861,2896
57.7861,3620
57.8221,4199
57.9256,4698
58.0291,5144
58.1266,5551
58.2241,5928
58.3216,6281
58.3336,6614
58.4251,6931
58.4371,7233
58.5286,7522
58.5406,7800
58.6321,8068
58.6441,8327
58.7295,8578
58.7416,8822
58.827,9059
58.839,9290
58.8511,9515
58.9305,9735
58.9425,9950
58.9546,10160
59.034,10366
59.046,10568
59.0581,10766
59.1315,10960
59.1435,11151
59.1555,11339
59.229,11523
59.241,11704
59.253,11883
59.3265,12059
59.3385,12232
59.3505,12403
59.3625,12572
59.43,12738
59.442,12902
59.454,13064
59.466,13224
59.5335,13382
59.5455,13538
59.5575,13692
59.5695,13845
59.631,13996
59.643,14145
59.655,14293
59.667,14439
59.7285,14584
59.7405,14727
59.7525,14869
59.7645,15010
59.8259,15149
59.838,15287
59.85,15424
59.862,15559
59.874,15693
59.9294,15826
59.9415,15958
59.9535,16089
59.9655,16219
59.9775,16348
60.0329,16476
60.045,16603
60.057,16729
60.069,16854
60.1365,14480
60.1665,13756
60.1725,13032
60.1846,12308
60.1906,11584
60.228,10860
60.234,6516
60.234,6837
60.246,7143
60.258,7436
60.2881,7717
60.3615,7988
60.3856,8250
60.459,8504
60.4831,8750
60.5565,8989
60.5926,7240
60.66,6516
60.6781,5792
60.6901,5068
60.7515,4344
60.7756,2896
60.8851,3620
60.9826,4199
61.0861,4698
61.1896,5144
61.2871,5551
61.3846,5928
61.4821,6281
61.4941,6614
61.5855,6931
61.5976,7233
61.689,7522
61.7011,7800
61.7925,8068
61.8046,8327
61.89,8578
61.902,8822
61.9875,9059
61.9995,9290
62.0116,9515
62.091,9735
62.103,9950
62.115,10160
62.1945,10366
62.2065,10568
62.2185,10766
62.292,10960
62.304,11151
62.316,11339
62.3895,11523
62.4015,11704
62.4135,11883
62.487,12059
62.499,12232
62.511,12403
62.523,12572
62.5905,12738
62.6025,12902
62.6145,13064
62.6265,13224
62.694,13382
62.706,13538
62.718,13692
62.73,13845
62.7915,13996
62.8035,14145
62.8155,14293
62.8275,14439
62.889,14584
62.901,14727
62.913,14869
62.925,15010
62.9864,15149
62.9985,15287
63.0105,15424
63.0225,15559
63.0345,15693
63.0899,15826
63.102,15958
63.114,16089
63.126,16219
63.138,16348
63.1934,16476
63.2235,14480
63.291,13756
63.297,13032
63.309,12308
63.315,11584
63.321,10860
63.327,6516
63.327,6837
63.339,7143
63.351,7436
63.4125,7717
63.4545,7988
63.51,8250
63.552,8504
63.6075,8750
63.6495,8989
63.705,9222
63.717,9449
63.753,9670
63.8085,9886
63.8205,10098
63.8565,10305
63.912,10508
63.924,10707
63.96,10902
64.0095,11094
64.0215,11282
64.0575,11467
64.107,11649
64.119,11828
64.155,12005
64.2044,12179
64.2165,12351
64.2285,12520
64.2585,12687
64.3079,12852
64.32,13015
64.332,13176
64.362,13335
64.4114,13492
64.4235,13647
64.4355,13800
64.4595,13951
64.5089,14101
64.5209,14249
64.533,14396
64.557,14541
64.6064,14685
64.6184,14827
64.6304,14968
64.6544,15108
64.6665,15246
64.7099,15383
64.7219,15519
64.7339,15654
64.7579,15787
64.77,15919
64.8134,16050
64.8254,16180
64.8374,16309
64.8614,16437
64.8735,16564
64.9169,16690
64.9289,16815
64.9409,16939
64.9589,17062
64.9709,17184
65.0144,17306
65.0445,14480
65.1119,13756
65.1179,13032
65.13,12308
65.136,11584
65.142,10860
65.148,6516
65.148,6837
65.16,7143
65.172,7436
65.2335,7717
65.2755,7988
65.331,8250
65.373,8504
65.4285,8750
65.4705,8989
65.5259,9222
65.538,9449
65.574,9670
65.6294,9886
65.6415,10098
65.6775,10305
65.7329,10508
65.745,10707
65.781,10902
65.8304,11094
65.8424,11282
65.8785,11467
65.9279,11649
65.9399,11828
65.9759,12005
66.0254,12179
66.0374,12351
66.0494,12520
66.0794,12687
66.1289,12852
66.1409,13015
66.1529,13176
66.1829,13335
66.2324,13492
66.2444,13647
66.2564,13800
66.2804,13951
66.3299,14101
66.3419,14249
66.3539,14396
66.3779,14541
66.4274,14685
66.4394,14827
66.4514,14968
66.4754,15108
66.4874,15246
66.5309,15383
66.5429,15519
66.5549,15654
66.5789,15787
66.5909,15919
66.6344,16050
66.6464,16180
66.6584,16309
66.6824,16437
66.6944,16564
66.7379,16690
66.7499,16815
66.7619,16939
66.7799,17062
66.7919,17184
66.8354,17306
66.8474,17427
66.8594,17547
66.8774,17666
66.8894,17784
66.9328,17901
66.9449,18018
66.9569,18134
66.9689,18249
66.9809,18363
66.9929,18477
67.0363,18590
67.0484,18702
67.0604,18814
67.0724,18925
67.0844,19035
67.0964,19145
67.1398,19254
67.1519,19362
67.1639,19470
67.1759,19577
67.1879,19684
67.1999,19790
67.2373,19895
67.2493,20000
67.2614,20104
67.2734,20208
67.2854,20311
67.2974,20414
67.3348,20516
67.3468,20618
67.3589,20719
67.3709,20820
67.3829,20920
67.3949,21020
67.4069,21119
67.4383,21218
67.4503,21316
67.4623,21414
67.4744,21511
67.4864,21608
67.4984,21705
67.5104,21801
67.5418,21897
67.5538,21992
67.5658,22087
67.5779,22181
67.5899,22275
67.6019,22369
67.6139,22462
67.6393,22555
67.6513,22647
67.6633,22739
67.6753,22831
67.6874,22922
67.6994,23013
67.7114,23104
67.7368,23194
67.7488,23284
67.7608,23374
67.7728,23463
67.7849,23552
67.7969,23641
67.8089,23729
67.8343,23817
67.8463,23905
67.8583,23992
67.8703,24079
67.8823,24166
67.8944,24252
67.9064,24338
67.9184,24424
67.9378,24509
67.9498,24594
67.9618,24679
67.9738,24763
67.9858,24847
67.9979,24931
68.0099,25015
68.0219,25098
68.0413,25181
68.0533,25264
68.0653,25346
68.0773,25428
68.0893,25510
68.1014,25592
68.1134,25673
68.1254,25754
68.1388,25835
68.1508,25916
68.1628,25996
68.1748,26076
68.1868,26156
68.1988,26236
68.2109,26315
68.2229,26394
68.2363,26473
68.2483,26552
68.2603,26630
68.2723,26708
68.2843,26786
68.2963,26864
68.3083,26942
68.3204,27019
68.3324,27096
68.3444,27173
68.3564,27250
68.3684,27326
68.3804,27402
68.3925,27478
68.4045,27554
68.4165,27630
68.4285,27705
68.4405,27780
68.4525,27855
68.4646,27930
68.4766,28005
68.4886,28079
68.5006,28153
68.5126,28227
68.5246,28301
68.5367,28375
68.5487,28448
68.5607,28521
68.5727,28594
68.6028,26064
68.6568,25340
68.6629,24616
68.6689,23892
68.6749,23168
68.6809,22444
68.6869,21720
68.6929,20996
68.6989,20272
68.7049,19548
68.7109,12308
68.7109,12478
68.7229,12646
68.7349,12811
68.7469,12974
68.7589,13135
68.7724,13294
68.7964,13451
68.8504,13606
68.8624,13760
68.8745,13912
68.8939,14062
68.9479,14211
68.9599,14358
68.9719,14504
68.9914,14648
69.0454,14791
69.0574,14932
69.0694,15072
69.0815,15211
69.0949,15348
69.1489,15484
69.1609,15619
69.1729,15753
69.1849,15886
69.1984,16017
69.2524,16147
69.2644,16276
69.2764,16404
69.3079,14480
69.374,13756
69.38,13032
69.3934,12308
69.3994,11584
69.4054,10860
69.4114,6516
69.4114,6837
69.4534,7143
69.4654,7436
69.4969,7717
69.5689,7988
69.5944,8250
69.6664,8504
69.6919,8750
69.7639,8989
69.7894,9222
69.8014,9449
69.8674,9670
69.8929,9886
69.9049,10098
69.9709,10305
69.9964,10508
70.0084,10707
70.0744,10902
70.0939,11094
70.1059,11282
70.1719,11467
70.1914,11649
70.2034,11828
70.2694,12005
70.2888,12179
70.3009,12351
70.3129,12520
70.3729,12687
70.3923,12852
70.4044,13015
70.4164,13176
70.4764,13335
70.4958,13492
70.5079,13647
70.5199,13800
70.5739,13951
70.5933,14101
70.6053,14249
70.6174,14396
70.6714,14541
70.6908,14685
70.7028,14827
70.7148,14968
70.7688,15108
70.7809,15246
70.7943,15383
70.8063,15519
70.8183,15654
70.8723,15787
70.8844,15919
70.8978,16050
70.9098,16180
70.9218,16309
70.9758,16437
70.9879,16564
71.0013,16690
71.0133,16815
71.0253,16939
71.0733,17062
71.0853,17184
71.0988,17306
71.1108,17427
71.1228,17547
71.1708,17666
71.1828,17784
71.1963,17901
71.2083,18018
71.2203,18134
71.2323,18249
71.2743,18363
71.2863,18477
71.2998,18590
71.3118,18702
71.3238,18814
71.3358,18925
71.3778,19035
71.3898,19145
71.4033,19254
71.4153,19362
71.4273,19470
71.4393,19577
71.4753,19684
71.4873,19790
71.5008,19895
71.5128,20000
71.5248,20104
71.5368,20208
71.5728,20311
71.5848,20414
71.5983,20516
71.6103,20618
71.6223,20719
71.6343,20820
71.6883,18824
71.7244,18100
71.7304,17376
71.7364,16652
71.7424,15928
71.7738,15204
71.7799,14480
71.7859,13756
71.7918,8688
71.7918,8929
71.8038,9163
71.8159,9391
71.8279,9614
71.8773,9832
71.9194,10045
71.9314,10253
71.9808,10457
72.0229,10657
72.0349,10853
72.0783,11046
72.1203,11235
72.1324,11421
72.1758,11604
72.2178,11784
72.2299,11961
72.2733,12136
72.2853,12308
72.3213,12478
72.3333,12646
72.3768,12811
72.3888,12974
72.4248,13135
72.4368,13294
72.4803,13451
72.4923,13606
72.5283,13760
72.5403,13912
72.5778,14062
72.5898,14211
72.6258,14358
72.6378,14504
72.6753,14648
72.6873,14791
72.7233,14932
72.7353,15072
72.7473,15211
72.7788,15348
72.7908,15484
72.8268,15619
72.8388,15753
72.8508,15886
72.8823,16017
72.8943,16147
72.9303,16276
72.9423,16404
72.9543,16531
72.9858,16657
72.9978,16782
73.0278,16906
73.0398,17030
73.0518,17153
73.0833,17275
73.0953,17396
73.1253,17516
73.1373,17635
73.1493,17753
73.1807,17871
73.1928,17988
73.2048,18104
73.2288,18219
73.2408,18334
73.2528,18448
73.2842,18561
73.2963,18673
73.3083,18785
73.3323,18896
73.3443,19006
73.3563,19116
73.3877,19225
73.3998,19334
73.4118,19442
73.4358,19549
73.4478,19656
73.4598,19762
73.4852,19868
73.4972,19973
73.5093,20077
73.5333,20181
73.5453,20284
73.5573,20387
73.5827,20489
73.5947,20591
73.6067,20692
73.6307,20793
73.6428,20893
73.6548,20993
73.6668,21092
73.6862,21191
73.6982,21289
73.7102,21387
73.7342,21485
73.7463,21582
73.7583,21679
73.7703,21775
73.7897,21871
73.8017,21966
73.8137,22061
73.8377,22156
73.8498,22250
73.8618,22344
73.8738,22437
73.8872,22530
73.8992,22623
73.9112,22715
73.9352,22807
73.9472,22898
73.9593,22989
73.9713,23080
74.0027,20272
74.0568,19548
74.0628,18824
74.0688,18100
74.0748,17376
74.0943,16652
74.1063,15928
74.1123,15204
74.1183,13032
74.1303,10860
74.1363,9412
74.2398,9634
74.2699,7240
74.3373,6516
74.3434,5792
74.3554,5068
74.3674,2896
74.3674,3620
74.4409,4199
74.5444,4698
74.6479,5144
74.7454,5551
74.8429,5928
74.9403,6281
74.9524,6614
75.0438,6931
75.0559,7233
75.1473,7522
75.1594,7800
75.2508,8068
75.2629,8327
75.3483,8578
75.4519,6275
75.4639,6758
75.4699,6275
75.5434,5792
75.5493,2896
75.5493,3620
75.5674,4199
75.6649,4698
75.7684,5144
75.8659,5551
75.9634,5928
76.0609,6281
76.0729,6614
76.1644,6931
76.1764,7233
76.2679,7522
76.2799,7800
76.3714,8068
76.3834,8327
76.4688,8578
76.4809,8822
76.5663,9059
76.5783,9290
76.5904,9515
76.6698,9735
76.6818,9950
76.6939,10160
76.7733,10366
76.7853,10568
76.7974,10766
76.8708,10960
76.8828,11151
76.8948,11339
76.9683,11523
76.9803,11704
77.0718,10136
77.0899,9412
77.0959,8688
77.1019,7964
77.1634,7240
77.1693,4344
77.1693,4826
77.1813,5260
77.2608,5658
77.3583,6028
77.4558,6375
77.4678,6703
77.5714,4344
77.6569,2896
77.6689,3620
77.7664,4199
77.8699,4698
77.9734,5144
78.0709,5551
78.1684,5928
78.2658,6281
78.2779,6614
78.3693,6931
78.3814,7233
78.4728,7522
78.4849,7800
78.5763,8068
78.5884,8327
78.6738,8578
78.6858,8822
78.7713,9059
78.7833,9290
78.7953,9515
78.8748,9735
78.8868,9950
78.8988,10160
78.9783,10366
78.9903,10568
79.0023,10766
79.0758,10960
79.0878,11151
79.0998,11339
79.1733,11523
79.1853,11704
79.1973,11883
79.2708,12059
79.2828,12232
79.2948,12403
79.3068,12572
79.3743,12738
79.3863,12902
79.3983,13064
79.4103,13224
79.4778,13382
79.4898,13538
79.5018,13692
79.5138,13845
79.5753,13996
79.5873,14145
79.5993,14293
79.6113,14439
79.6727,14584
79.6848,14727
79.6968,14869
79.7088,15010
79.7702,15149
79.7823,15287
79.7943,15424
79.8063,15559
79.8183,15693
79.8737,15826
79.8857,15958
79.8978,16089
79.9098,16219
79.9218,16348
79.9772,16476
79.9892,16603
80.0013,16729
80.0133,16854
80.0253,16978
80.0747,17101
80.0867,17223
80.0988,17344
80.1108,17464
80.1228,17584
80.1722,17703
80.1963,15928
80.2263,15204
80.2323,14480
80.2697,13756
80.2757,13032
80.2818,12308
80.2878,11584
80.2938,7240
80.2938,7529
80.3058,7807
80.3178,8075
80.3732,8334
80.4153,8585
80.4707,8829
80.5128,9066
80.5682,9297
80.5802,9522
80.6163,9742
80.6717,9957
80.6837,10167
80.7198,10373
80.7752,10575
80.7872,10773
80.8173,10967
80.8727,11158
80.8847,11345
80.9147,11529
80.9702,11710
80.9822,11889
81.0122,12065
81.0677,12238
81.0797,12409
81.0917,12577
81.1157,12743
81.1712,12907
81.1832,13069
81.1952,13229
81.2192,13387
81.2747,13543
81.2867,13697
81.2987,13850
81.3167,14001
81.3722,14150
81.3842,14298
81.3962,14444
81.4142,14589
81.4696,14732
81.4817,14874
81.4937,15014
81.5117,15153
81.5237,15291
81.5731,15428
81.5852,15563
81.5972,15697
81.6152,15830
81.6272,15962
81.6766,16093
81.6887,16223
81.7007,16352
81.7187,16480
81.7307,16607
81.7741,16733
81.7861,16858
81.7982,16982
81.8162,17105
81.8282,17227
81.8716,17348
81.8836,17468
81.8956,17588
81.9137,17707
81.9257,17825
81.9691,17942
81.9811,18058
81.9931,18174
82.0051,18289
82.0172,18403
82.0292,18516
82.0726,18629
82.0846,18741
82.0966,18852
82.1086,18963
82.1207,19073
82.1327,19182
82.1761,19291
82.1881,19399
82.2001,19507
82.2121,19614
82.2242,19720
82.2362,19826
82.2736,19931
82.2856,20036
82.2976,20140
82.3096,20244
82.3216,20347
82.3337,20450
82.3711,20552
82.3831,20654
82.3951,20755
82.4071,20856
82.4191,20956
82.4312,21056
82.4432,21155
82.4746,21254
82.4866,21352
82.4986,21450
82.5106,21547
82.5226,21644
82.5346,21740
82.5467,21836
82.5781,21932
82.5901,22027
82.6021,22122
82.6141,22216
82.6261,22310
82.6381,22403
82.6502,22496
82.6756,22589
82.6876,22681
82.6996,22773
82.7116,22865
82.7236,22956
82.7356,23047
82.7477,23137
82.773,23227
82.7851,23317
82.7971,23406
82.8091,23495
82.8211,23584
82.8331,23672
82.8451,23760
82.8705,23848
82.8825,23935
82.8946,24022
82.9066,24109
82.9186,24195
82.9306,24281
82.9426,24367
82.9546,24453
82.974,24538
82.986,24623
82.9981,24708
83.0101,24792
83.0221,24876
83.0341,24960
83.0461,25044
83.0581,25127
83.0775,25210
83.0895,25293
83.1016,25375
83.1136,25457
83.1256,25539
83.1376,25621
83.1496,25702
83.1616,25783
83.175,25864
83.187,25945
83.199,26025
83.2111,26105
83.2231,26185
83.2351,26265
83.2471,26344
83.2591,26423
83.2725,26502
83.2845,26581
83.2965,26659
83.3086,26737
83.3326,24616
83.3807,23892
83.3867,23168
83.3927,22444
83.3987,21720
83.4047,20996
83.4107,20272
83.4167,19548
83.4227,18824
83.4287,18100
83.4347,11584
83.4347,11765
83.4467,11943
83.4588,12118
83.4708,12291
83.4842,12461
83.5082,12629
83.5562,12795
83.5743,12958
83.5877,13119
83.6117,13278
83.6597,13435
83.6778,13591
83.6912,13745
83.7092,13897
83.7572,14047
83.7752,14196
83.7887,14343
83.8067,14489
83.8547,14633
83.8727,14776
83.8862,14917
83.9042,15057
83.9162,15196
83.9582,15333
83.9762,15469
83.9897,15604
84.0077,15738
84.0197,15871
84.0617,16003
84.0797,16134
84.0931,16263
84.1112,16391
84.1232,16518
84.1652,16644
84.1772,16769
84.2087,14480
84.2687,13756
84.2747,13032
84.2808,12308
84.2882,11584
84.2942,10860
84.3062,6516
84.3062,6837
84.3182,7143
84.3602,7436
84.3857,7717
84.4637,7988
84.4832,8250
84.5612,8504
84.6647,6275
84.6842,6758
84.6902,6275
84.7563,5792
84.7622,2896
84.7622,3620
84.7877,4199
84.8852,4698
84.9887,5144
85.0862,5551
85.1837,5928
85.2812,6281
85.2932,6614
85.3847,6931
85.3967,7233
85.4882,7522
85.5002,7800
85.5917,8068
85.6037,8327
85.6892,8578
85.7012,8822
85.7867,9059
85.7987,9290
85.8107,9515
85.8902,9735
85.9022,9950
85.9142,10160
85.9937,10366
86.0057,10568
86.0177,10766
86.0911,10960
86.1032,11151
86.1152,11339
86.1886,11523
86.2006,11704
86.2127,11883
86.2861,12059
86.2981,12232
86.3102,12403
86.3222,12572
86.3896,12738
86.4016,12902
86.4136,13064
86.4257,13224
86.4931,13382
86.5051,13538
86.5171,13692
86.5292,13845
86.5906,13996
86.6026,14145
86.6146,14293
86.6266,14439
86.6881,14584
86.7001,14727
86.7121,14869
86.7241,15010
86.7856,15149
86.7976,15287
86.8096,15424
86.8216,15559
86.8336,15693
86.8891,15826
86.9011,15958
86.9131,16089
86.9251,16219
86.9371,16348
86.9926,16476
87.0046,16603
87.0166,16729
87.0286,16854
87.0406,16978
87.0901,17101
87.1021,17223
87.1141,17344
87.1261,17464
87.1381,17584
87.1875,17703
87.1996,17821
87.2116,17938
87.2236,18054
87.2356,18170
87.2476,18285
87.291,18399
87.3031,18512
87.3271,15928
87.3886,15204
87.3946,14480
87.4006,13756
87.4066,13032
87.4126,12308
87.4187,11584
87.4246,7240
87.4246,7529
87.4366,7807
87.4487,8075
87.5041,8334
87.5461,8585
87.6016,8829
87.6436,9066
87.6991,9297
87.7111,9522
87.7471,9742
87.8026,9957
87.8146,10167
87.8506,10373
87.9061,10575
87.9181,10773
87.9481,10967
88.0035,11158
88.0156,11345
88.0456,11529
88.101,11710
88.1131,11889
88.1431,12065
88.1985,12238
88.2105,12409
88.2226,12577
88.2466,12743
88.302,12907
88.314,13069
88.3261,13229
88.4116,11584
88.4356,10860
88.4971,10136
88.5031,9412
88.5091,8688
88.5151,5068
88.5151,5481
88.5271,5863
88.5946,6220
88.6246,6557
88.6981,6876
88.7281,7180
88.8016,7472
88.8316,7752
88.9051,8022
88.929,8283
89.0025,8536
89.0265,8781
89.1,9019
89.124,9251
89.136,9477
89.2035,9698
89.2275,9914
89.2395,10125
89.307,10332
89.331,10534
89.343,10733
89.4105,10928
89.4285,11119
89.4405,11307
89.526,8688
89.5441,7964
89.6056,7240
89.6116,6516
89.6235,3620
89.6235,4199
89.6355,4698
89.733,5144
89.8305,5551
89.928,5928
90.0255,6281
90.0375,6614
90.129,6931
90.141,7233
90.2325,7522
90.2445,7800
90.336,8068
90.348,8327
90.4335,8578
90.4455,8822
90.531,9059
90.543,9290
90.555,9515
90.6345,9735
90.6465,9950
90.6585,10160
90.738,10366
90.75,10568
90.762,10766
90.8354,10960
90.8475,11151
90.8595,11339
90.9329,11523
90.945,11704
90.957,11883
91.0304,12059
91.0424,12232
91.0545,12403
91.0665,12572
91.1339,12738
91.1459,12902
91.158,13064
91.17,13224
91.2374,13382
91.2494,13538
91.2614,13692
91.2735,13845
91.3349,13996
91.3469,14145
91.3589,14293
91.371,14439
91.4324,14584
91.4444,14727
91.4564,14869
91.4684,15010
91.5299,15149
91.5419,15287
91.5539,15424
91.5659,15559
91.5779,15693
91.6334,15826
91.6454,15958
91.6574,16089
91.6694,16219
91.6814,16348
91.7369,16476
91.7489,16603
91.7609,16729
91.7729,16854
91.7849,16978
91.8344,17101
91.8464,17223
91.8584,17344
91.8704,17464
91.8824,17584
91.9319,17703
91.9439,17821
91.9559,17938
91.986,15928
92.0474,15204
92.0534,14480
92.0594,13756
92.0715,13032
92.0775,12308
92.0835,11584
92.0895,7240
92.0895,7529
92.1269,7807
92.1389,8075
92.169,8334
92.2364,8585
92.2665,8829
92.3339,9066
92.3639,9297
92.376,9522
92.4374,9742
92.4674,9957
92.4795,10167
92.5409,10373
92.5709,10575
92.583,10773
92.6383,10967
92.6684,11158
92.6804,11345
92.7358,11529
92.7659,11710
92.7779,11889
92.8333,12065
92.8634,12238
92.8754,12409
92.8874,12577
92.9368,12743
92.9669,12907
92.9789,13069
92.9909,13229
93.0403,13387
93.0704,13543
93.0824,13697
93.0944,13850
93.1378,14001
93.1679,14150
93.1799,14298
93.1919,14444
93.2353,14589
93.2654,14732
93.2774,14874
93.2894,15014
93.3328,15153
93.3448,15291
93.3689,15428
93.3809,15563
93.3929,15697
93.4363,15830
93.4483,15962
93.4724,16093
93.4844,16223
93.4964,16352
93.5398,16480
93.5518,16607
93.5699,16733
93.5819,16858
93.5939,16982
93.6373,17105
93.6493,17227
93.6673,17348
93.6794,17468
93.6914,17588
93.7348,17707
93.7468,17825
93.7648,17942
93.7768,18058
93.7889,18174
93.8009,18289
93.8383,18403
93.8503,18516
93.8683,18629
93.8803,18741
93.8924,18852
93.9044,18963
93.9417,19073
93.9538,19182
93.9718,19291
93.9838,19399
93.9959,19507
94.0079,19614
94.0392,19720
94.0513,19826
94.0693,19931
94.0813,20036
94.0933,20140
94.1054,20244
94.1367,20347
94.1487,20450
94.1668,20552
94.1788,20654
94.1908,20755
94.2029,20856
94.2342,20956
94.2462,21056
94.2582,21155
94.2703,21254
94.2823,21352
94.2943,21450
94.3063,21547
94.3377,21644
94.3497,21740
94.3617,21836
94.3738,21932
94.3858,22027
94.3978,22122
94.4098,22216
94.4412,22310
94.4532,22403
94.4652,22496
94.4773,22589
94.4893,22681
94.5013,22773
94.5133,22865
94.5387,22956
94.5507,23047
94.5627,23137
94.5747,23227
94.5868,23317
94.5988,23406
94.6108,23495
94.6362,23584
94.6482,23672
94.6602,23760
94.6722,23848
94.6843,23935
94.6963,24022
94.7083,24109
94.7203,24195
94.7397,24281
94.7517,24367
94.7637,24453
94.7757,24538
94.7877,24623
94.7998,24708
94.8118,24792
94.8238,24876
94.8552,23168
94.9033,22444
94.9154,21720
94.9214,20996
94.9274,18824
94.9334,18100
94.9408,17376
94.9468,16652
94.9528,15928
94.9588,15204
94.9648,14480
94.9708,13756
94.9768,13032
94.9828,12308
94.9888,10860
95.0249,11053
95.0503,11242
95.0743,11428
95.1104,11611
95.1477,11791
95.1718,11968
95.2079,12143
95.2199,12315
95.2512,12485
95.2753,12652
95.3114,12817
95.3234,12980
95.3547,13141
95.3788,13300
95.4149,13457
95.4269,13612
95.4582,13766
95.4763,13918
95.5123,14068
95.5244,14217
95.5557,14364
95.5737,14509
95.6098,14653
95.6218,14796
95.6532,14937
95.6712,15077
95.6832,15216
95.7133,15353
95.7253,15489
95.7567,15624
95.7747,15758
95.7867,15891
95.8168,16022
95.8288,16152
95.8602,16281
95.8782,16409
95.8902,16536
95.9203,16662
95.9323,16787
95.9577,16911
95.9757,17034
95.9877,17157
96.0299,14480
96.0792,13756
96.0853,13032
96.0913,12308
96.1154,11584
96.1214,10860
96.1274,6516
96.1274,6837
96.1527,7143
96.1707,7436
96.2129,7717
96.2742,7988
96.3104,8250
96.3717,8504
96.4078,8750
96.4692,8989
96.5053,9222
96.5173,9449
96.5727,9670
96.6088,9886
96.6208,10098
96.6762,10305
96.7123,10508
96.7243,10707
96.7797,10902
96.8098,11094
96.8218,11282
96.8772,11467
96.9073,11649
96.9193,11828
96.9747,12005
97.0048,12179
97.0168,12351
97.0288,12520
97.0782,12687
97.1083,12852
97.1203,13015
97.1323,13176
97.1817,13335
97.2118,13492
97.2238,13647
97.2358,13800
97.2792,13951
97.3093,14101
97.3213,14249
97.3333,14396
97.3766,14541
97.4068,14685
97.4188,14827
97.4308,14968
97.4741,15108
97.4861,15246
97.5103,15383
97.5223,15519
97.5343,15654
97.5776,15787
97.5896,15919
97.6138,16050
97.6258,16180
97.6378,16309
97.6811,16437
97.6931,16564
97.7173,16690
97.7293,16815
97.7413,16939
97.7786,17062
97.7906,17184
97.8147,17306
97.8268,17427
97.8388,17547
97.8761,17666
97.8881,17784
97.9122,17901
97.9242,18018
97.9363,18134
97.9483,18249
97.9796,18363
97.9916,18477
98.0157,18590
98.0277,18702
98.0398,18814
98.0518,18925
98.0831,19035
98.0951,19145
98.1192,19254
98.1312,19362
98.1433,19470
98.1553,19577
98.1806,19684
98.1926,19790
98.2167,19895
98.2287,20000
98.2407,20104
98.2528,20208
98.2781,20311
98.2901,20414
98.3142,20516
98.3262,20618
98.3382,20719
98.3502,20820
98.3756,20920
98.3876,21020
98.3996,21119
98.4177,21218
98.4297,21316
98.4417,21414
98.4537,21511
98.4791,21608
98.4911,21705
98.5031,21801
98.5212,21897
98.5332,21992
98.5452,22087
98.5572,22181
98.5826,22275
98.5946,22369
98.6066,22462
98.6187,22555
98.6307,22647
98.6548,20272
98.7101,19548
98.7162,18824
98.7222,18100
98.7282,17376
98.7342,16652
98.7403,15928
98.7463,15204
98.7523,9412
98.7523,9634
98.7776,9851
98.7896,10063
98.8016,10271
98.8257,10475
98.8871,10675
98.9051,10871
98.9232,11063
98.9846,11252
99.0026,11438
99.0207,11621
99.0821,11801
99.1001,11978
99.1182,12153
99.1976,10136
99.2217,9412
99.2771,8688
99.2831,7964
99.2891,7240
99.2951,4344
99.2951,4826
99.3132,5260
99.3866,5658
99.4841,6028
99.5816,6375
99.5936,6703
99.6851,7015
99.6971,7313
99.7886,7599
99.8006,7874
99.8861,8140
99.8981,8397
99.9836,8646
99.9956,8888
100.081,9123
100.093,9352
100.105,9576
100.185,9794
100.197,10008
100.209,10217
100.288,10422
100.3,10623
100.312,10820
100.386,11013
100.398,11203
100.41,11390
100.483,11574
100.495,11755
100.507,11933
100.581,12108
100.593,12281
100.605,12451
100.617,12619
100.684,12785
100.696,12948
100.708,13109
100.72,13268
100.788,13426
100.8,13582
100.812,13736
100.824,13888
100.885,14038
100.897,14187
100.909,14334
100.921,14480
100.982,14624
100.994,14767
101.007,14908
101.019,15048
101.031,15187
101.086,15325
101.098,15461
101.11,15596
101.122,15730
101.134,15863
101.189,15995
101.201,16126
101.214,16256
101.226,16384
101.238,16511
101.311,14480
101.341,13756
101.347,13032
101.397,12308
101.403,11584
101.409,10860
101.415,6516
101.415,6837
101.427,7143
101.439,7436
101.5,7717
101.598,6275
101.604,6758
101.646,6275
101.695,5792
101.701,5310
101.743,2896
101.841,3620
101.938,4199
102.042,4698
102.145,5144
102.243,5551
102.34,5928
102.438,6281
102.45,6614
102.541,6931
102.553,7233
102.645,7522
102.657,7800
102.748,8068
102.76,8327
102.846,8578
102.858,8822
102.943,9059
102.955,9290
102.967,9515
103.047,9735
103.059,9950
103.071,10160
103.15,10366
103.162,10568
103.174,10766
103.248,10960
103.26,11151
103.272,11339
103.363,8688
103.449,7964
103.455,7240
103.461,6516
103.467,3620
103.467,4199
103.479,4698
103.576,5144
103.674,5551
103.771,5928
103.869,6281
103.881,6614
103.972,6931
103.984,7233
104.076,7522
104.088,7800
104.179,8068
104.277,6275
104.283,6758
104.289,6275
104.295,5792
104.374,2896
104.374,3620
104.386,4199
104.484,4698
104.587,5144
104.685,5551
104.782,5928
104.88,6281
104.892,6614
104.983,6931
104.995,7233
105.087,7522
105.099,7800
105.19,8068
105.202,8327
105.288,8578
105.3,8822
105.385,9059
105.397,9290
105.409,9515
105.489,9735
105.501,9950
105.513,10160
105.592,10366
105.604,10568
105.616,10766
105.69,10960
105.702,11151
105.714,11339
105.787,11523
105.799,11704
105.811,11883
105.885,12059
105.897,12232
105.909,12403
105.921,12572
105.988,12738
106,12902
106.012,13064
106.024,13224
106.092,13382
106.104,13538
106.134,11584
106.207,10860
106.219,10136
106.225,9412
106.231,8688
106.237,5068
106.237,5481
106.293,5863
106.317,6220
106.39,6557
106.42,6876
106.494,7180
106.524,7472
106.597,7752
106.627,8022
106.695,8283
106.725,8536
106.792,8781
106.822,9019
106.89,9251
106.902,9477
106.926,9698
106.993,9914
107.005,10125
107.029,10332
107.097,10534
107.109,10733
107.133,10928
107.194,11119
107.206,11307
107.23,11492
107.291,11674
107.304,11853
107.328,12029
107.389,12203
107.401,12374
107.413,12543
107.431,12710
107.492,12874
107.504,13036
107.517,13196
107.535,13354
107.596,13511
107.608,13666
107.62,13819
107.632,13970
107.693,14120
107.705,14268
107.717,14414
107.73,14559
107.791,14703
107.803,14845
107.815,14986
107.827,15125
107.894,13032
107.919,12308
107.925,11584
107.931,10860
107.937,10136
107.986,9412
107.992,5792
107.992,6154
108.004,6494
108.022,6816
108.101,7123
108.126,7417
108.205,7699
108.229,7971
108.302,8234
108.327,8488
108.4,8735
108.424,8975
108.497,9208
108.509,9435
108.528,9657
108.601,9874
108.613,10086
108.631,10293
108.704,10496
108.716,10695
108.735,10891
108.802,11083
108.814,11272
108.832,11458
108.899,11640
108.911,11820
108.929,11997
108.997,12171
109.009,12343
109.021,12512
109.033,12679
109.1,12844
109.112,13007
109.124,13168
109.136,13327
109.204,13484
109.216,13639
109.228,13792
109.24,13944
109.301,14094
109.313,14242
109.325,14389
109.337,14534
109.399,14678
109.411,14820
109.423,14961
109.435,15101
109.447,15239
109.502,15376
109.514,15512
109.526,15647
109.538,15781
109.55,15913
109.606,16044
109.618,16174
109.63,16303
109.642,16431
109.654,16558
109.709,16684
109.721,16809
109.733,16933
109.745,17056
109.757,17178
109.807,17300
109.819,17421
109.831,17541
109.843,17660
109.855,17778
109.904,17895
109.916,18012
109.928,18128
109.94,18243
109.952,18357
109.964,18471
110.008,18584
110.02,18696
110.032,18808
110.044,18919
110.056,19029
110.068,19139
110.111,19248
110.135,17376
110.171,16652
110.177,15928
110.209,15204
110.215,14480
110.221,13756
110.227,13032
110.233,7964
110.233,8227
110.245,8481
110.257,8728
110.275,8968
110.324,9201
110.36,9428
110.378,9650
110.428,9867
110.464,10079
110.482,10287
110.531,10490
110.567,10689
110.585,10885
110.629,11077
110.665,11266
110.683,11452
110.726,11635
110.762,11815
110.78,11992
110.824,12166
110.836,12338
110.866,12507
110.884,12674
110.927,12839
110.939,13002
110.969,13163
110.987,13322
111.031,13479
111.043,13634
111.073,13787
111.085,13939
111.128,14089
111.14,14237
111.17,14384
111.182,14529
111.226,14673
111.238,14815
111.268,14956
111.28,15096
111.292,15234
111.329,15371
111.341,15507
111.371,15642
111.383,15776
111.395,15908
111.433,16039
111.445,16169
111.475,16298
111.487,16426
111.499,16553
111.536,16679
111.578,14480
111.634,13756
111.64,13032
111.652,12308
111.658,11584
111.67,10860
111.676,6516
111.676,6837
111.688,7143
111.7,7436
111.755,7717
111.803,7988
111.853,8250
111.901,8504
111.95,8750
111.998,8989
112.048,9222
112.06,9449
112.102,9670
112.151,9886
112.163,10098
112.205,10305
112.255,10508
112.267,10707
112.309,10902
112.352,11094
112.364,11282
112.406,11467
112.45,11649
112.462,11828
112.504,12005
112.547,12179
112.559,12351
112.571,12520
112.607,12687
112.651,12852
112.663,13015
112.675,13176
112.711,13335
112.754,13492
112.766,13647
112.778,13800
112.808,13951
112.852,14101
112.864,14249
112.876,14396
112.906,14541
112.949,14685
112.961,14827
112.973,14968
113.003,15108
113.015,15246
113.053,15383
113.065,15519
113.077,15654
113.107,15787
113.119,15919
113.156,16050
113.168,16180
113.18,16309
113.21,16437
113.222,16564
113.26,16690
113.272,16815
113.284,16939
113.308,17062
113.32,17184
113.357,17306
113.369,17427
113.381,17547
113.405,17666
113.417,17784
113.455,17901
113.467,18018
113.479,18134
113.491,18249
113.509,18363
113.521,18477
113.558,18590
113.57,18702
113.582,18814
113.594,18925
113.612,19035
113.624,19145
113.662,19254
113.674,19362
113.686,19470
113.71,17376
113.771,16652
113.777,15928
113.783,15204
113.789,14480
113.795,13756
113.801,13032
113.807,7964
113.807,8227
113.819,8481
113.857,8728
113.875,8968
113.899,9201
113.96,9428
113.978,9650
114.002,9867
114.064,10079
114.082,10287
114.106,10490
114.167,10689
114.185,10885
114.203,11077
114.265,11266
114.283,11452
114.301,11635
114.362,11815
114.38,11992
114.398,12166
114.41,12338
114.466,12507
114.484,12674
114.502,12839
114.514,13002
114.569,13163
114.587,13322
114.605,13479
114.617,13634
114.673,13787
114.685,13939
114.703,14089
114.715,14237
114.77,14384
114.782,14529
114.8,14673
114.812,14815
114.868,14956
114.88,15096
114.892,15234
114.904,15371
114.916,15507
114.971,15642
114.983,15776
114.995,15908
115.007,16039
115.019,16169
115.075,16298
115.087,16426
115.099,16553
115.111,16679
115.123,16804
115.172,16928
115.184,17051
115.196,17173
115.208,17295
115.22,17416
115.27,17536
115.282,17655
115.294,17773
115.306,17890
115.318,18007
115.33,18123
115.373,18238
115.385,18352
115.397,18466
115.409,18579
115.421,18691
115.433,18803
115.477,18914
115.489,19024
115.501,19134
115.513,19243
115.525,19351
115.537,19459
115.58,19566
115.592,19673
115.604,19779
115.616,19885
115.628,19990
115.64,20094
115.678,20198
115.69,20301
115.702,20404
115.714,20506
115.726,20608
115.738,20709
115.787,18824
115.823,18100
115.829,17376
115.835,16652
115.841,15928
115.847,15204
115.873,14480
115.879,13756
115.885,8688
115.885,8929
115.897,9163
115.909,9391
115.927,9614
115.97,9832
116.012,10045
116.03,10253
116.074,10457
116.116,10657
116.134,10853
116.171,11046
116.213,11235
116.231,11421
116.269,11604
116.311,11784
116.329,11961
116.366,12136
116.378,12308
116.414,12478
116.432,12646
116.47,12811
116.482,12974
116.518,13135
116.536,13294
116.573,13451
116.585,13606
116.621,13760
116.633,13912
116.671,14062
116.683,14211
116.719,14358
116.731,14504
116.768,14648
116.816,13032
116.84,12308
116.866,11584
116.872,10860
116.878,10136
116.884,9412
116.914,5792
116.914,6154
116.926,6494
116.963,6816
117.023,7123
117.067,7417
117.127,7699
117.17,7971
117.224,8234
117.268,8488
117.322,8735
117.365,8975
117.419,9208
117.431,9435
117.469,9657
117.523,9874
117.535,10086
117.572,10293
117.626,10496
117.638,10695
117.676,10891
117.724,11083
117.773,8688
117.827,7964
117.833,7240
117.839,6516
117.871,3620
117.871,4199
117.919,4698
118.016,5144
118.114,5551
118.211,5928
118.309,6281
118.321,6614
118.412,6931
118.424,7233
118.516,7522
118.528,7800
118.619,8068
118.631,8327
118.717,8578
118.729,8822
118.814,9059
118.826,9290
118.838,9515
118.918,9735
118.93,9950
118.942,10160
119.021,10366
119.033,10568
119.045,10766
119.119,10960
119.131,11151
119.143,11339
119.216,11523
119.228,11704
119.24,11883
119.314,12059
119.326,12232
119.338,12403
119.35,12572
119.417,12738
119.429,12902
119.441,13064
119.453,13224
119.521,13382
119.533,13538
119.545,13692
119.624,11584
119.648,10860
119.66,10136
119.666,9412
119.716,8688
119.722,5068
119.722,5481
119.734,5863
119.758,6220
119.831,6557
119.861,6876
119.935,7180
119.965,7472
120.038,7752
120.068,8022
120.136,8283
120.166,8536
120.233,8781
120.263,9019
120.331,9251
120.343,9477
120.367,9698
120.434,9914
120.446,10125
120.47,10332
120.538,10534
120.55,10733
120.574,10928
120.635,11119
120.647,11307
120.671,11492
120.733,11674
120.745,11853
120.769,12029
120.83,12203
120.842,12374
120.854,12543
120.872,12710
120.933,12874
120.946,13036
120.958,13196
120.976,13354
121.037,13511
121.049,13666
121.061,13819
121.073,13970
121.134,14120
121.147,14268
121.159,14414
121.171,14559
121.232,14703
121.244,14845
121.256,14986
